;Scopy version,f4beeb1
;Exported on,Wednesday December 04/12/2024
;Device,M2K
;Nr of samples,1000
;Sample rate,0
;Tool,Network Analyzer
;Additional Information,Reference channel: 1
Sample,Frequency(Hz),Magnitude(dB),Phase(°)
0,1000,19.3815,0.37507
1,1010.19,19.3097,0.0764242
2,1020.48,19.3331,0.0672707
3,1030.88,19.3288,0.0560247
4,1041.38,19.3365,0.0588268
5,1051.99,19.3359,0.0544357
6,1062.71,19.3496,0.0811984
7,1073.54,19.3456,0.0876524
8,1084.47,19.3501,0.065718
9,1095.52,19.3443,-0.018757
10,1106.68,19.3462,0.0546079
11,1117.96,19.3442,0.00179775
12,1129.35,19.3511,0.128741
13,1140.86,19.3525,0.126043
14,1152.48,19.3577,0.0573879
15,1164.22,19.3438,0.0756892
16,1176.08,19.3545,0.0743155
17,1188.06,19.3549,0.0679074
18,1200.17,19.3539,0.0657677
19,1212.4,19.3558,0.114275
20,1224.75,19.3572,0.0576095
21,1237.23,19.3637,0.0168128
22,1249.83,19.3635,0.147915
23,1262.57,19.3577,0.104812
24,1275.43,19.3576,0.0701928
25,1288.42,19.3597,0.0557433
26,1301.55,19.3533,0.0437029
27,1314.81,19.3623,0.0508647
28,1328.21,19.3566,0.0700007
29,1341.74,19.3563,0.148199
30,1355.41,19.3562,0.0831359
31,1369.22,19.3614,0.0363613
32,1383.17,19.361,0.101123
33,1397.26,19.3644,0.0793471
34,1411.5,19.362,0.122364
35,1425.88,19.3595,0.0667127
36,1440.4,19.3606,0.151798
37,1455.08,19.3524,0.0301656
38,1469.9,19.3605,0.121813
39,1484.88,19.3577,0.0703003
40,1500.01,19.3663,0.0455209
41,1515.29,19.3661,0.00367864
42,1530.73,19.3673,0.121788
43,1546.32,19.3672,0.148158
44,1562.08,19.3606,0.0527945
45,1577.99,19.3652,0.121684
46,1594.07,19.3634,0.186267
47,1610.31,19.36,0.203971
48,1626.72,19.3624,0.201373
49,1643.29,19.3598,0.120871
50,1660.03,19.3638,0.109317
51,1676.95,19.3639,0.151611
52,1694.03,19.3585,0.183849
53,1711.29,19.3723,0.125095
54,1728.73,19.3659,0.243594
55,1746.34,19.3693,0.230952
56,1764.13,19.3665,0.155657
57,1782.11,19.3635,0.150647
58,1800.26,19.3642,0.191312
59,1818.6,19.3604,0.243037
60,1837.13,19.3657,0.206989
61,1855.85,19.3659,0.144095
62,1874.76,19.3618,0.308492
63,1893.86,19.3599,0.209898
64,1913.15,19.3613,0.300334
65,1932.65,19.3708,0.19185
66,1952.34,19.36,0.222578
67,1972.23,19.3608,0.258738
68,1992.32,19.3573,0.181028
69,2012.62,19.3571,0.188336
70,2033.12,19.3609,0.228419
71,2053.84,19.3477,0.313288
72,2074.76,19.3657,0.251926
73,2095.9,19.3553,0.195337
74,2117.26,19.3409,0.271001
75,2138.83,19.3418,0.179751
76,2160.62,19.3418,0.142551
77,2182.63,19.3603,0.323982
78,2204.87,19.3531,0.28409
79,2227.33,19.3608,0.23267
80,2250.03,19.3462,0.149729
81,2272.95,19.3454,0.445783
82,2296.11,19.3461,0.262266
83,2319.5,19.3519,0.403272
84,2343.13,19.3625,0.262322
85,2367,19.3573,0.0460812
86,2391.12,19.3653,0.151271
87,2415.48,19.3627,0.209293
88,2440.09,19.3689,0.296855
89,2464.95,19.3631,0.311958
90,2490.07,19.3723,0.41854
91,2515.44,19.3667,0.327376
92,2541.06,19.364,0.255897
93,2566.95,19.3679,0.303368
94,2593.11,19.3794,0.351514
95,2619.52,19.3711,0.316821
96,2646.21,19.3813,0.223801
97,2673.17,19.3795,0.18397
98,2700.41,19.383,-0.0193126
99,2727.92,19.3819,0.252289
100,2755.71,19.3951,0.381214
101,2783.79,19.3875,0.403521
102,2812.15,19.3911,0.350003
103,2840.8,19.3866,0.315198
104,2869.75,19.3826,0.317841
105,2898.98,19.3945,0.183594
106,2928.52,19.3971,0.202078
107,2958.36,19.3906,0.305911
108,2988.5,19.3921,0.242704
109,3018.95,19.3903,0.304443
110,3049.7,19.3973,0.102526
111,3080.78,19.3949,0.397675
112,3112.16,19.4029,0.32179
113,3143.87,19.4013,0.273706
114,3175.9,19.398,0.297812
115,3208.26,19.401,0.356445
116,3240.95,19.4042,0.328842
117,3273.97,19.4105,0.332756
118,3307.32,19.4125,0.236875
119,3341.02,19.3986,0.252454
120,3375.06,19.408,0.202122
121,3409.44,19.4125,0.0901242
122,3444.18,19.4154,0.316389
123,3479.27,19.4107,0.258592
124,3514.72,19.4129,0.0743904
125,3550.53,19.4085,0.265378
126,3586.7,19.4082,0.256807
127,3623.24,19.4138,0.300292
128,3660.16,19.4163,0.188832
129,3697.45,19.4153,0.210458
130,3735.12,19.4174,0.248168
131,3773.17,19.4118,0.406434
132,3811.62,19.4186,0.292315
133,3850.45,19.4147,0.206186
134,3889.68,19.4226,0.241721
135,3929.31,19.4151,0.128146
136,3969.34,19.409,0.22663
137,4009.78,19.4209,0.288215
138,4050.64,19.42,0.208007
139,4091.91,19.4095,0.250543
140,4133.6,19.4132,0.295759
141,4175.71,19.4095,0.369027
142,4218.25,19.405,0.146086
143,4261.23,19.4054,0.0971235
144,4304.64,19.4084,0.203133
145,4348.5,19.4085,0.173617
146,4392.81,19.4124,0.187318
147,4437.56,19.4104,0.266372
148,4482.77,19.4118,0.0792517
149,4528.44,19.4049,0.365261
150,4574.58,19.4088,0.320364
151,4621.19,19.4054,0.203109
152,4668.27,19.4054,0.0750728
153,4715.83,19.4052,0.297994
154,4763.88,19.4103,0.587233
155,4812.41,19.4042,0.307712
156,4861.45,19.3958,-0.0357075
157,4910.98,19.4006,0.0891424
158,4961.01,19.3938,0.313702
159,5011.55,19.3967,0.131954
160,5062.61,19.3963,0.103201
161,5114.19,19.3906,0.240139
162,5166.3,19.3947,0.229337
163,5218.93,19.4002,0.306316
164,5272.11,19.3787,0.133243
165,5325.82,19.3895,0.190022
166,5380.08,19.3892,0.260434
167,5434.9,19.367,0.243673
168,5490.27,19.3907,0.145713
169,5546.2,19.3876,0.22578
170,5602.71,19.3873,0.153569
171,5659.79,19.3851,0.0728773
172,5717.46,19.3824,0.189544
173,5775.71,19.3841,0.100629
174,5834.55,19.3844,0.17316
175,5894,19.3832,0.0452001
176,5954.05,19.378,0.14507
177,6014.71,19.385,-0.00675397
178,6075.99,19.379,0.18241
179,6137.89,19.3839,0.0869223
180,6200.43,19.3902,0.196878
181,6263.6,19.3895,0.248607
182,6327.41,19.3901,0.150323
183,6391.88,19.3827,0.110202
184,6457,19.3891,0.202897
185,6522.79,19.391,0.152361
186,6589.25,19.3755,0.110423
187,6656.38,19.3856,-0.0777026
188,6724.2,19.3842,0.076724
189,6792.7,19.3801,0.184491
190,6861.91,19.3868,0.0662101
191,6931.82,19.3924,0.109071
192,7002.45,19.4015,0.458668
193,7073.79,19.3857,0.046223
194,7145.86,19.3822,0.0213329
195,7218.66,19.3772,0.0843832
196,7292.21,19.3837,0.177263
197,7366.5,19.387,0.179617
198,7441.56,19.3863,0.17903
199,7517.37,19.3739,0.127696
200,7593.96,19.365,-0.0127755
201,7671.33,19.3682,0.126931
202,7749.49,19.37,0.15343
203,7828.44,19.3646,0.147542
204,7908.2,19.3713,0.052197
205,7988.77,19.3741,0.23417
206,8070.17,19.3735,0.170125
207,8152.39,19.3864,0.162193
208,8235.45,19.3953,0.135373
209,8319.35,19.3911,0.192411
210,8404.11,19.4067,0.122025
211,8489.74,19.4111,0.140362
212,8576.23,19.3992,0.190566
213,8663.61,19.3929,0.148066
214,8751.88,19.3834,0.149437
215,8841.05,19.3856,0.188027
216,8931.12,19.3674,0.0243119
217,9022.11,19.3703,0.322413
218,9114.03,19.3638,-0.0770345
219,9206.89,19.3575,0.101801
220,9300.69,19.3596,-0.0795356
221,9395.45,19.3476,0.0362482
222,9491.18,19.3566,-0.0248964
223,9587.87,19.355,-0.11476
224,9685.56,19.3643,-0.0648116
225,9784.24,19.3718,0.145284
226,9883.92,19.3728,-0.143442
227,9984.62,19.3801,-0.103222
228,10086.4,19.3335,0.143264
229,10189.1,19.3364,0.139702
230,10292.9,19.337,-0.00355246
231,10397.8,19.3357,0.0984841
232,10503.7,19.3384,0.107839
233,10610.7,19.3417,0.0577297
234,10718.8,19.3382,0.165579
235,10828.1,19.3428,0.0676735
236,10938.4,19.3417,0.152563
237,11049.8,19.3404,0.0526535
238,11162.4,19.3468,0.0597994
239,11276.1,19.3409,0.0922888
240,11391,19.3436,0.0969061
241,11507.1,19.3443,-0.037238
242,11624.3,19.3467,0.077663
243,11742.7,19.3452,0.0543708
244,11862.4,19.3476,0.0739836
245,11983.2,19.3473,0.0601229
246,12105.3,19.3482,0.0814396
247,12228.7,19.3464,0.0874798
248,12353.2,19.3481,0.0631073
249,12479.1,19.3477,0.0938941
250,12606.2,19.3492,0.0748899
251,12734.7,19.35,-0.00274116
252,12864.4,19.3461,0.0498267
253,12995.5,19.3508,-0.0560339
254,13127.9,19.3481,0.0535789
255,13261.6,19.3449,0.00880953
256,13396.8,19.3491,0.0497379
257,13533.2,19.3488,0.0557888
258,13671.1,19.3497,0.0413346
259,13810.4,19.3481,0.15798
260,13951.1,19.3498,0.0144793
261,14093.3,19.3541,0.0578809
262,14236.8,19.3499,0.0225754
263,14381.9,19.3482,-0.0256236
264,14528.4,19.3545,-0.0191609
265,14676.4,19.3527,0.0410352
266,14826,19.3519,-0.0797113
267,14977,19.3511,0.0215599
268,15129.6,19.3542,0.0350123
269,15283.8,19.3511,0.111219
270,15439.5,19.3529,0.0621589
271,15596.8,19.3565,0.117698
272,15755.7,19.3562,0.0659705
273,15916.2,19.3533,0.0519852
274,16078.4,19.352,-0.0871161
275,16242.2,19.3521,0.0899182
276,16407.7,19.3542,-0.0438243
277,16574.8,19.3572,0.0222295
278,16743.7,19.3536,0.0117751
279,16914.3,19.3583,-0.0596013
280,17086.6,19.3577,0.00445243
281,17260.7,19.3534,0.0147031
282,17436.5,19.3554,0.0393268
283,17614.2,19.3546,0.0260181
284,17793.7,19.3601,-0.0450413
285,17974.9,19.3548,-0.0211056
286,18158.1,19.3563,0.0064766
287,18343.1,19.3597,-0.044533
288,18530,19.3569,-0.0135102
289,18718.8,19.3545,-0.0627007
290,18909.5,19.3613,-0.0318839
291,19102.1,19.3572,-0.0643617
292,19296.7,19.3564,0.0560502
293,19493.3,19.3601,-0.0542304
294,19691.9,19.3519,-0.0818967
295,19892.6,19.355,-0.0224103
296,20095.2,19.3605,-0.00921249
297,20300,19.3558,-0.0900433
298,20506.8,19.3545,0.00513514
299,20715.7,19.3561,-0.0120297
300,20926.8,19.3489,-0.126209
301,21140,19.3507,-0.0792458
302,21355.4,19.3551,-0.0668375
303,21573,19.349,-0.0330629
304,21792.8,19.3509,-0.0632485
305,22014.8,19.3518,-0.00952693
306,22239.1,19.3516,-0.0703396
307,22465.7,19.3547,-0.046428
308,22694.5,19.3541,-0.149717
309,22925.8,19.3582,-0.127825
310,23159.3,19.3596,0.00919831
311,23395.3,19.3556,-0.048566
312,23633.7,19.3557,-0.0167275
313,23874.4,19.3566,-0.0485876
314,24117.7,19.3633,-0.00886999
315,24363.4,19.3642,-0.161251
316,24611.6,19.3743,-0.00174873
317,24862.4,19.3679,-0.181273
318,25115.7,19.3672,-0.156159
319,25371.6,19.3674,-0.0753414
320,25630.1,19.367,-0.201945
321,25891.2,19.3663,-0.0780191
322,26155,19.3675,-0.0473464
323,26421.4,19.367,-0.0655127
324,26690.6,19.3692,-0.0386225
325,26962.6,19.3717,-0.144386
326,27237.3,19.3699,-0.127396
327,27514.8,19.3738,-0.107577
328,27795.1,19.3763,-0.089918
329,28078.3,19.3697,-0.291233
330,28364.4,19.3732,-0.253845
331,28653.3,19.3674,-0.0555803
332,28945.3,19.3697,-0.232694
333,29240.2,19.3767,-0.239212
334,29538.1,19.3746,-0.047411
335,29839,19.3717,-0.0587061
336,30143,19.3763,-0.152115
337,30450.1,19.3725,-0.149667
338,30760.4,19.3743,-0.117682
339,31073.8,19.38,-0.155448
340,31390.4,19.3737,-0.158384
341,31710.2,19.3759,-0.267715
342,32033.3,19.386,-0.124139
343,32359.6,19.3818,-0.136037
344,32689.3,19.3752,-0.158112
345,33022.4,19.3883,-0.210115
346,33358.8,19.3798,-0.215349
347,33698.7,19.3914,-0.0495191
348,34042,19.3825,-0.194915
349,34388.8,19.3891,-0.310003
350,34739.2,19.3878,-0.123379
351,35093.1,19.3872,-0.0887264
352,35450.7,19.3917,-0.273043
353,35811.9,19.3934,-0.182093
354,36176.7,19.3879,-0.236264
355,36545.3,19.3834,-0.149179
356,36917.6,19.3883,-0.265871
357,37293.8,19.389,-0.164912
358,37673.7,19.3912,-0.113383
359,38057.6,19.3894,-0.242337
360,38445.3,19.3837,-0.358859
361,38837,19.3967,-0.33455
362,39232.7,19.3982,-0.330518
363,39632.4,19.3891,-0.189485
364,40036.2,19.3887,-0.021672
365,40444.1,19.3957,-0.335076
366,40856.1,19.3896,-0.169993
367,41272.4,19.3859,-0.137472
368,41692.9,19.3937,0.0705175
369,42117.7,19.4,-0.263057
370,42546.8,19.397,-0.0494049
371,42980.3,19.3928,-0.299257
372,43418.2,19.3866,-0.233178
373,43860.5,19.3881,-0.262671
374,44307.4,19.3917,-0.245241
375,44758.8,19.3913,-0.32999
376,45214.8,19.3868,-0.0826135
377,45675.5,19.3764,-0.23224
378,46140.8,19.3782,-0.211687
379,46610.9,19.3824,-0.225137
380,47085.8,19.3841,-0.107258
381,47565.5,19.3836,-0.448426
382,48050.2,19.382,-0.382258
383,48539.7,19.371,-0.381465
384,49034.2,19.3756,-0.254438
385,49533.8,19.3785,-0.39996
386,50038.5,19.3699,-0.115594
387,50548.3,19.3721,-0.36426
388,51063.3,19.3683,-0.438634
389,51583.5,19.3564,-0.344847
390,52109.1,19.3763,-0.344613
391,52640,19.3875,-0.223286
392,53176.3,19.376,-0.306246
393,53718.1,19.3853,-0.421526
394,54265.4,19.3741,-0.272749
395,54818.3,19.378,-0.27928
396,55376.8,19.38,-0.31927
397,55941,19.3799,-0.176049
398,56510.9,19.3745,-0.464225
399,57086.7,19.3792,-0.234077
400,57668.3,19.3819,-0.252932
401,58255.8,19.3852,-0.266584
402,58849.3,19.3815,-0.466648
403,59448.9,19.383,-0.183897
404,60054.6,19.3848,-0.231222
405,60666.5,19.3846,-0.383814
406,61284.5,19.3908,-0.309332
407,61908.9,19.3874,-0.31507
408,62539.7,19.3794,-0.340332
409,63176.9,19.3777,-0.322043
410,63820.5,19.3813,-0.323808
411,64470.7,19.3848,-0.446839
412,65127.6,19.3757,-0.438148
413,65791.1,19.3811,-0.556282
414,66461.4,19.3755,-0.292783
415,67138.6,19.3866,-0.517609
416,67822.6,19.3813,-0.50409
417,68513.6,19.3902,-0.47593
418,69211.6,19.3802,-0.332063
419,69916.8,19.3794,-0.381848
420,70629.1,19.3845,-0.403486
421,71348.7,19.3839,-0.514142
422,72075.6,19.3831,-0.512939
423,72810,19.3721,-0.352329
424,73551.8,19.3776,-0.524525
425,74301.1,19.383,-0.49643
426,75058.1,19.3612,-0.432516
427,75822.9,19.3723,-0.545925
428,76595.4,19.3685,-0.622934
429,77375.7,19.3721,-0.584315
430,78164.1,19.3779,-0.504637
431,78960.4,19.3788,-0.52229
432,79764.9,19.3845,-0.45154
433,80577.6,19.3813,-0.600996
434,81398.5,19.3934,-0.509955
435,82227.8,19.3824,-0.488017
436,83065.6,19.3727,-0.509927
437,83911.9,19.387,-0.590283
438,84766.8,19.3884,-0.534692
439,85630.5,19.3868,-0.682595
440,86502.9,19.3896,-0.686416
441,87384.2,19.3703,-0.541903
442,88274.5,19.3826,-0.579301
443,89173.9,19.3718,-0.455236
444,90082.4,19.3755,-0.550455
445,91000.2,19.348,-0.242871
446,91927.3,19.3586,-0.607601
447,92863.9,19.361,-0.683178
448,93810.1,19.3649,-0.537377
449,94765.8,19.3619,-0.512444
450,95731.3,19.3672,-0.614832
451,96706.7,19.3625,-0.56952
452,97691.9,19.3697,-0.488699
453,98687.3,19.3756,-0.710945
454,99692.7,19.381,-0.565347
455,100708,19.3561,-0.609859
456,101734,19.3587,-0.591194
457,102771,19.361,-0.593444
458,103818,19.3603,-0.588834
459,104876,19.357,-0.574917
460,105944,19.3626,-0.736542
461,107024,19.3574,-0.707492
462,108114,19.3543,-0.707473
463,109216,19.3636,-0.566442
464,110328,19.3727,-0.610589
465,111452,19.3666,-0.544837
466,112588,19.3663,-0.736898
467,113735,19.3693,-0.792932
468,114894,19.3692,-0.738991
469,116064,19.3607,-0.700322
470,117247,19.3671,-0.673394
471,118441,19.3664,-0.68375
472,119648,19.3614,-0.669725
473,120867,19.372,-0.658383
474,122098,19.3605,-0.864315
475,123342,19.3609,-0.768708
476,124599,19.3589,-0.800044
477,125869,19.3607,-0.775965
478,127151,19.3641,-0.835421
479,128446,19.3587,-0.916262
480,129755,19.361,-1.02026
481,131077,19.3577,-0.831194
482,132413,19.3611,-0.878334
483,133762,19.3576,-0.825204
484,135124,19.3565,-0.831624
485,136501,19.3598,-0.760487
486,137892,19.3614,-0.918555
487,139297,19.3572,-0.847099
488,140716,19.3583,-0.977412
489,142150,19.362,-0.930556
490,143598,19.3624,-0.869319
491,145061,19.3631,-0.891547
492,146539,19.3599,-1.01127
493,148032,19.3593,-1.06899
494,149540,19.3562,-1.03393
495,151063,19.3582,-1.00668
496,152603,19.3599,-1.05372
497,154157,19.3498,-1.04795
498,155728,19.3589,-1.00074
499,157315,19.3597,-0.962075
500,158917,19.362,-1.19461
501,160536,19.3595,-1.07161
502,162172,19.3603,-1.02954
503,163824,19.3605,-0.993587
504,165493,19.3611,-0.97609
505,167179,19.3539,-1.11796
506,168883,19.3575,-1.07268
507,170603,19.3603,-1.02081
508,172342,19.3592,-1.01404
509,174097,19.3538,-1.32571
510,175871,19.3572,-0.94728
511,177663,19.3586,-1.06338
512,179473,19.3638,-1.22418
513,181302,19.356,-1.08466
514,183149,19.3561,-1.04476
515,185015,19.3563,-1.09782
516,186900,19.356,-1.21608
517,188804,19.3584,-1.28305
518,190728,19.3642,-1.14148
519,192671,19.3612,-1.22379
520,194634,19.3443,-1.37486
521,196617,19.3549,-1.2402
522,198620,19.3615,-1.1774
523,200643,19.3618,-1.22419
524,202688,19.3696,-1.36097
525,204753,19.3512,-1.32783
526,206839,19.3592,-1.30568
527,208946,19.3555,-1.30935
528,211075,19.357,-1.39078
529,213225,19.3606,-1.43329
530,215398,19.3672,-1.43552
531,217592,19.3569,-1.41322
532,219809,19.3534,-1.26642
533,222049,19.3642,-1.39069
534,224311,19.362,-1.49221
535,226596,19.3594,-1.4047
536,228905,19.3659,-1.49304
537,231237,19.3541,-1.39761
538,233593,19.3544,-1.54302
539,235973,19.3576,-1.42228
540,238377,19.3593,-1.57915
541,240806,19.3633,-1.46493
542,243259,19.3603,-1.49435
543,245738,19.3577,-1.76795
544,248241,19.3685,-1.70018
545,250771,19.3626,-1.52278
546,253326,19.3662,-1.58349
547,255906,19.3665,-1.71034
548,258514,19.3616,-1.64556
549,261148,19.3609,-1.76866
550,263808,19.3608,-1.62292
551,266496,19.3634,-1.59203
552,269211,19.3635,-1.77746
553,271954,19.3672,-1.71593
554,274725,19.3595,-1.63495
555,277524,19.3752,-1.63865
556,280351,19.3721,-1.58995
557,283207,19.3626,-1.9065
558,286093,19.3669,-1.84882
559,289008,19.3716,-1.98363
560,291952,19.363,-1.78657
561,294927,19.3641,-1.77496
562,297931,19.3694,-1.85099
563,300967,19.3738,-1.93924
564,304033,19.3698,-1.94362
565,307131,19.3689,-1.91139
566,310260,19.3735,-1.94969
567,313421,19.3738,-1.86979
568,316614,19.3739,-1.89676
569,319840,19.3706,-2.08467
570,323099,19.3779,-1.80684
571,326390,19.3828,-2.18798
572,329716,19.384,-2.20221
573,333075,19.3794,-2.06711
574,336469,19.3784,-2.32848
575,339897,19.3824,-2.0877
576,343360,19.3751,-2.34684
577,346858,19.3767,-2.32946
578,350392,19.3781,-2.00953
579,353962,19.3859,-2.18437
580,357568,19.3838,-2.17902
581,361211,19.3944,-2.39584
582,364891,19.3872,-2.21354
583,368609,19.3954,-2.33209
584,372364,19.3937,-2.39999
585,376158,19.3879,-2.30945
586,379990,19.3924,-2.23213
587,383862,19.3871,-2.38887
588,387773,19.3851,-2.4018
589,391724,19.3917,-2.50998
590,395715,19.3912,-2.4014
591,399746,19.3918,-2.60448
592,403819,19.3986,-2.37968
593,407933,19.3831,-2.69193
594,412089,19.3977,-2.1898
595,416288,19.3962,-2.59192
596,420529,19.3923,-2.65386
597,424814,19.397,-2.67069
598,429142,19.4025,-2.56447
599,433514,19.4022,-2.55243
600,437931,19.4035,-2.70848
601,442392,19.3986,-2.76963
602,446900,19.3991,-2.65569
603,451453,19.4078,-2.80233
604,456052,19.4014,-2.67188
605,460699,19.4316,-2.92713
606,465393,19.4074,-2.66675
607,470134,19.4071,-2.98731
608,474924,19.412,-2.99063
609,479763,19.4132,-3.1081
610,484651,19.4091,-3.08204
611,489588,19.406,-3.05916
612,494577,19.4208,-3.22646
613,499615,19.4176,-3.36588
614,504706,19.4186,-3.11054
615,509848,19.4156,-3.27147
616,515042,19.4131,-3.28311
617,520290,19.4189,-3.34838
618,525591,19.4288,-3.48159
619,530945,19.4104,-3.24384
620,536355,19.4087,-3.10789
621,541819,19.4163,-3.76059
622,547340,19.4155,-3.81474
623,552916,19.4243,-3.64166
624,558549,19.3999,-3.57581
625,564240,19.4115,-3.76481
626,569989,19.4044,-3.80056
627,575796,19.3961,-3.99096
628,581662,19.4166,-3.71092
629,587589,19.4006,-3.84073
630,593575,19.4072,-3.91913
631,599623,19.4135,-3.82256
632,605732,19.4075,-3.86487
633,611903,19.4011,-3.86776
634,618137,19.4061,-3.91975
635,624435,19.4105,-3.91396
636,630797,19.4049,-4.18909
637,637224,19.3986,-4.20937
638,643716,19.4078,-4.25524
639,650275,19.4119,-4.45959
640,656900,19.3978,-4.48767
641,663592,19.4092,-4.58845
642,670353,19.4114,-4.44266
643,677183,19.3991,-4.2844
644,684082,19.412,-4.49976
645,691052,19.4158,-4.57413
646,698093,19.4094,-4.53662
647,705205,19.4134,-4.57938
648,712390,19.4102,-4.67445
649,719648,19.3997,-4.50278
650,726980,19.4126,-4.85771
651,734387,19.4149,-4.88019
652,741869,19.4103,-4.77253
653,749427,19.425,-5.00198
654,757063,19.4201,-4.96791
655,764776,19.4177,-4.99415
656,772568,19.4198,-5.39318
657,780439,19.4189,-4.92324
658,788390,19.4223,-5.07256
659,796423,19.4345,-5.35902
660,804537,19.4238,-5.38017
661,812734,19.4258,-5.14607
662,821014,19.431,-5.31099
663,829379,19.4336,-5.18899
664,837829,19.4349,-5.57238
665,846365,19.4335,-5.54019
666,854988,19.4349,-5.83714
667,863699,19.43,-5.44819
668,872499,19.4353,-5.55332
669,881388,19.4258,-5.91322
670,890368,19.4341,-5.72292
671,899439,19.4372,-5.84417
672,908603,19.4363,-5.64757
673,917860,19.4314,-6.07687
674,927211,19.4355,-6.22833
675,936658,19.4526,-5.88628
676,946201,19.4428,-6.39832
677,955841,19.4489,-6.37961
678,965580,19.4554,-6.43032
679,975417,19.4507,-6.25398
680,985355,19.4658,-6.33862
681,995394,19.457,-6.67401
682,1.00554e+06,19.4506,-6.78856
683,1.01578e+06,19.4511,-6.79847
684,1.02613e+06,19.4557,-6.58901
685,1.03658e+06,19.4563,-6.81045
686,1.04715e+06,19.4582,-6.86228
687,1.05781e+06,19.4587,-6.80874
688,1.06859e+06,19.4689,-7.00701
689,1.07948e+06,19.4793,-7.0082
690,1.09048e+06,19.4656,-7.14268
691,1.10159e+06,19.4745,-7.24113
692,1.11281e+06,19.4813,-7.57267
693,1.12415e+06,19.4797,-7.40957
694,1.1356e+06,19.482,-7.34637
695,1.14717e+06,19.4728,-7.35952
696,1.15886e+06,19.4752,-7.785
697,1.17066e+06,19.473,-7.82695
698,1.18259e+06,19.4749,-8.20108
699,1.19464e+06,19.4869,-7.71331
700,1.20681e+06,19.4826,-7.91011
701,1.21911e+06,19.4765,-8.0852
702,1.23153e+06,19.4882,-7.99575
703,1.24408e+06,19.4816,-8.51933
704,1.25675e+06,19.5019,-8.16181
705,1.26955e+06,19.486,-8.45574
706,1.28249e+06,19.4921,-8.86877
707,1.29556e+06,19.4916,-8.49114
708,1.30876e+06,19.5003,-8.69932
709,1.32209e+06,19.4958,-8.73904
710,1.33556e+06,19.5094,-8.81803
711,1.34917e+06,19.5074,-8.77826
712,1.36291e+06,19.5134,-8.8306
713,1.3768e+06,19.5077,-9.1711
714,1.39082e+06,19.5099,-9.32444
715,1.405e+06,19.5272,-9.19376
716,1.41931e+06,19.5172,-9.38341
717,1.43377e+06,19.5185,-9.65689
718,1.44838e+06,19.5266,-9.62154
719,1.46313e+06,19.5255,-9.72328
720,1.47804e+06,19.527,-10.1115
721,1.4931e+06,19.5357,-10.0682
722,1.50831e+06,19.5429,-10.1011
723,1.52368e+06,19.5411,-10.371
724,1.5392e+06,19.5374,-10.4744
725,1.55488e+06,19.5525,-10.5292
726,1.57073e+06,19.5569,-10.6465
727,1.58673e+06,19.5527,-10.817
728,1.6029e+06,19.5589,-10.6463
729,1.61923e+06,19.5548,-10.9222
730,1.63572e+06,19.5634,-10.9701
731,1.65239e+06,19.5632,-11.3567
732,1.66922e+06,19.5808,-11.2796
733,1.68623e+06,19.5601,-11.1561
734,1.70341e+06,19.5679,-11.5433
735,1.72077e+06,19.5845,-11.6766
736,1.7383e+06,19.5757,-11.8752
737,1.75601e+06,19.5774,-11.746
738,1.7739e+06,19.5942,-12.0496
739,1.79197e+06,19.5921,-12.272
740,1.81023e+06,19.5954,-12.3621
741,1.82867e+06,19.6019,-12.5125
742,1.8473e+06,19.6045,-12.6919
743,1.86612e+06,19.605,-12.6082
744,1.88514e+06,19.6124,-12.6616
745,1.90434e+06,19.6268,-12.9482
746,1.92374e+06,19.6,-13.4236
747,1.94334e+06,19.6298,-13.0187
748,1.96314e+06,19.6278,-13.4715
749,1.98314e+06,19.6374,-13.4591
750,2.00335e+06,19.643,-14.1298
751,2.02376e+06,19.6476,-14.0722
752,2.04438e+06,19.6462,-13.9543
753,2.06521e+06,19.6505,-14.4595
754,2.08625e+06,19.6568,-14.3568
755,2.1075e+06,19.677,-14.6889
756,2.12898e+06,19.673,-14.6204
757,2.15067e+06,19.6675,-14.8272
758,2.17258e+06,19.6838,-14.9699
759,2.19471e+06,19.6767,-15.3318
760,2.21707e+06,19.6926,-15.4781
761,2.23966e+06,19.7006,-15.8163
762,2.26248e+06,19.6957,-15.7303
763,2.28553e+06,19.7141,-16.0215
764,2.30882e+06,19.7235,-16.1803
765,2.33234e+06,19.7303,-16.3652
766,2.3561e+06,19.7239,-16.412
767,2.38011e+06,19.7218,-16.6885
768,2.40436e+06,19.737,-16.8628
769,2.42885e+06,19.7453,-16.6656
770,2.4536e+06,19.7556,-17.3799
771,2.4786e+06,19.7602,-17.3247
772,2.50385e+06,19.7622,-17.3049
773,2.52936e+06,19.7714,-17.9592
774,2.55513e+06,19.7898,-17.9238
775,2.58116e+06,19.7837,-18.3313
776,2.60746e+06,19.7999,-18.2511
777,2.63403e+06,19.7995,-18.7085
778,2.66086e+06,19.8106,-18.9375
779,2.68797e+06,19.8285,-18.9075
780,2.71536e+06,19.8383,-19.3957
781,2.74302e+06,19.858,-19.4128
782,2.77097e+06,19.8672,-19.5933
783,2.7992e+06,19.8748,-20.1981
784,2.82772e+06,19.8632,-20.2559
785,2.85653e+06,19.8878,-20.4297
786,2.88563e+06,19.8755,-20.7142
787,2.91503e+06,19.8922,-20.8805
788,2.94473e+06,19.8781,-21.1443
789,2.97473e+06,19.9024,-21.4121
790,3.00504e+06,19.9105,-21.7621
791,3.03566e+06,19.927,-21.9966
792,3.06659e+06,19.9321,-22.637
793,3.09783e+06,19.9587,-22.6591
794,3.12939e+06,19.9505,-22.9677
795,3.16127e+06,19.966,-22.8993
796,3.19348e+06,19.992,-23.4957
797,3.22602e+06,19.9871,-23.619
798,3.25889e+06,20.0109,-24.3011
799,3.29209e+06,20.0053,-24.1335
800,3.32563e+06,20.0247,-24.7725
801,3.35951e+06,20.0245,-24.9147
802,3.39374e+06,20.0444,-25.2016
803,3.42832e+06,20.056,-25.3972
804,3.46325e+06,20.0606,-25.5685
805,3.49853e+06,20.0888,-26.2369
806,3.53417e+06,20.0919,-26.061
807,3.57018e+06,20.0942,-26.7664
808,3.60656e+06,20.1254,-27.0947
809,3.6433e+06,20.1345,-27.6737
810,3.68042e+06,20.1566,-28.0378
811,3.71792e+06,20.1609,-28.4492
812,3.7558e+06,20.1668,-28.6766
813,3.79406e+06,20.1875,-29.0836
814,3.83272e+06,20.2202,-29.4929
815,3.87177e+06,20.2113,-29.3622
816,3.91121e+06,20.2348,-30.1545
817,3.95106e+06,20.2451,-30.4412
818,3.99132e+06,20.2618,-31.064
819,4.03198e+06,20.2779,-31.6839
820,4.07306e+06,20.2871,-31.4687
821,4.11456e+06,20.3014,-32.2545
822,4.15648e+06,20.3067,-33.1025
823,4.19882e+06,20.3402,-32.6494
824,4.2416e+06,20.3565,-33.6971
825,4.28482e+06,20.3671,-34.1671
826,4.32847e+06,20.3822,-34.1058
827,4.37257e+06,20.3902,-35.3779
828,4.41712e+06,20.4104,-35.375
829,4.46213e+06,20.4297,-35.7546
830,4.50759e+06,20.4447,-36.4026
831,4.55351e+06,20.4371,-37.1131
832,4.5999e+06,20.4629,-37.32
833,4.64677e+06,20.4944,-38.097
834,4.69411e+06,20.4995,-38.7219
835,4.74194e+06,20.5381,-38.7382
836,4.79025e+06,20.5174,-39.9515
837,4.83905e+06,20.5555,-40.6401
838,4.88836e+06,20.5775,-40.8544
839,4.93816e+06,20.5859,-41.2422
840,4.98847e+06,20.6018,-41.8344
841,5.0393e+06,20.6009,-42.9551
842,5.09064e+06,20.625,-43.3806
843,5.1425e+06,20.6388,-44.1198
844,5.1949e+06,20.6434,-44.8933
845,5.24782e+06,20.6599,-45.4275
846,5.30129e+06,20.6644,-46.2751
847,5.3553e+06,20.6931,-46.1849
848,5.40986e+06,20.6877,-47.8079
849,5.46498e+06,20.724,-48.2132
850,5.52066e+06,20.6949,-49.2182
851,5.57691e+06,20.7277,-49.7478
852,5.63373e+06,20.7297,-50.7241
853,5.69112e+06,20.7286,-51.93
854,5.74911e+06,20.7531,-52.0083
855,5.80768e+06,20.7664,-53.4894
856,5.86685e+06,20.7503,-54.2394
857,5.92662e+06,20.7682,-54.694
858,5.98701e+06,20.7362,-56.4601
859,6.048e+06,20.7668,-56.5113
860,6.10962e+06,20.7608,-57.9181
861,6.17187e+06,20.7663,-58.6073
862,6.23475e+06,20.7398,-59.9654
863,6.29827e+06,20.7612,-61.0497
864,6.36244e+06,20.7382,-61.5884
865,6.42726e+06,20.7535,-63.0036
866,6.49275e+06,20.7204,-63.904
867,6.5589e+06,20.7055,-65.5043
868,6.62572e+06,20.6842,-66.1393
869,6.69323e+06,20.6483,-67.4982
870,6.76142e+06,20.6652,-68.0674
871,6.83031e+06,20.6163,-69.4579
872,6.8999e+06,20.6133,-70.2367
873,6.97019e+06,20.5368,-71.6773
874,7.04121e+06,20.507,-73.167
875,7.11295e+06,20.4676,-74.3197
876,7.18542e+06,20.4219,-75.5402
877,7.25862e+06,20.3931,-76.3324
878,7.33258e+06,20.3293,-78.0024
879,7.40728e+06,20.2743,-79.181
880,7.48275e+06,20.1952,-80.6784
881,7.55899e+06,20.1528,-81.4928
882,7.636e+06,20.0866,-82.0058
883,7.7138e+06,19.9911,-84.0744
884,7.79239e+06,19.9412,-84.7531
885,7.87178e+06,19.8661,-86.247
886,7.95198e+06,19.7908,-87.5696
887,8.033e+06,19.7364,-88.9443
888,8.11484e+06,19.644,-90.5665
889,8.19752e+06,19.5148,-90.8623
890,8.28104e+06,19.4531,-92.6449
891,8.36541e+06,19.3588,-93.9883
892,8.45064e+06,19.2496,-94.1427
893,8.53673e+06,19.1408,-95.6911
894,8.62371e+06,19.0507,-97.2246
895,8.71157e+06,18.9247,-98.3983
896,8.80033e+06,18.8071,-98.8586
897,8.88999e+06,18.7162,-99.9536
898,8.98056e+06,18.6081,-101.223
899,9.07206e+06,18.5281,-102.476
900,9.16449e+06,18.4036,-103.467
901,9.25786e+06,18.2632,-104.95
902,9.35218e+06,18.192,-107.216
903,9.44746e+06,18.0901,-107.794
904,9.54372e+06,17.9338,-108.147
905,9.64095e+06,17.7825,-110.046
906,9.73918e+06,17.6012,-110.346
907,9.8384e+06,17.5082,-109.953
908,9.93864e+06,17.3994,-111.647
909,1.00399e+07,17.2421,-113.123
910,1.01422e+07,17.1062,-114.365
911,1.02455e+07,16.9619,-115.549
912,1.03499e+07,16.8461,-115.534
913,1.04553e+07,16.6065,-115.686
914,1.05619e+07,16.505,-117.721
915,1.06695e+07,16.3694,-117.416
916,1.07782e+07,16.2373,-119.417
917,1.0888e+07,16.0293,-119.55
918,1.09989e+07,15.8918,-121.92
919,1.1111e+07,15.7279,-122.327
920,1.12242e+07,15.5724,-122.3
921,1.13385e+07,15.4157,-123.455
922,1.14541e+07,15.2237,-124.275
923,1.15708e+07,15.1288,-125.228
924,1.16886e+07,14.9465,-124.867
925,1.18077e+07,14.8039,-126.063
926,1.1928e+07,14.5884,-127.805
927,1.20496e+07,14.4206,-127.803
928,1.21723e+07,14.2802,-128.768
929,1.22963e+07,14.1222,-129.392
930,1.24216e+07,13.9742,-129.396
931,1.25482e+07,13.7436,-130.72
932,1.2676e+07,13.6354,-130.717
933,1.28052e+07,13.4604,-131.744
934,1.29356e+07,13.2757,-131.714
935,1.30674e+07,13.1436,-132.371
936,1.32006e+07,12.9495,-133.094
937,1.33351e+07,12.7974,-134.225
938,1.34709e+07,12.6146,-134.775
939,1.36082e+07,12.4213,-134.833
940,1.37468e+07,12.273,-135.872
941,1.38869e+07,12.076,-136.116
942,1.40283e+07,11.9138,-136.185
943,1.41713e+07,11.7828,-136.975
944,1.43157e+07,11.575,-137.928
945,1.44615e+07,11.4555,-138.576
946,1.46088e+07,11.2301,-138.609
947,1.47577e+07,11.0413,-138.781
948,1.4908e+07,10.9433,-139.528
949,1.50599e+07,10.8187,-139.456
950,1.52134e+07,10.6473,-139.848
951,1.53684e+07,10.4921,-140.62
952,1.55249e+07,10.3176,-142.057
953,1.56831e+07,10.1898,-142.249
954,1.58429e+07,10.0152,-141.958
955,1.60043e+07,9.82541,-141.541
956,1.61674e+07,9.61297,-143.395
957,1.63321e+07,9.48461,-142.38
958,1.64985e+07,9.34215,-143.478
959,1.66666e+07,9.19597,-143.754
960,1.68364e+07,9.01478,-143.905
961,1.70079e+07,8.8851,-145.644
962,1.71812e+07,8.76667,-145.673
963,1.73562e+07,8.63881,-144.858
964,1.75331e+07,8.45448,-145.888
965,1.77117e+07,8.3456,-145.6
966,1.78922e+07,8.14074,-146.653
967,1.80744e+07,7.95523,-148.819
968,1.82586e+07,7.80596,-148.087
969,1.84446e+07,7.69267,-147.26
970,1.86325e+07,7.52349,-146.218
971,1.88224e+07,7.39727,-148.264
972,1.90141e+07,7.23614,-147.401
973,1.92079e+07,7.04278,-148.589
974,1.94036e+07,6.91905,-149.132
975,1.96013e+07,6.73043,-149.982
976,1.9801e+07,6.52821,-151.302
977,2.00027e+07,6.53024,-148.527
978,2.02065e+07,6.32732,-149.825
979,2.04124e+07,6.19519,-150.557
980,2.06203e+07,6.13473,-151.344
981,2.08304e+07,5.88343,-150.964
982,2.10426e+07,5.78456,-150.828
983,2.1257e+07,5.6171,-151.336
984,2.14736e+07,5.45834,-150.041
985,2.16924e+07,5.3084,-152.824
986,2.19134e+07,5.08159,-153.835
987,2.21367e+07,5.05878,-152.187
988,2.23622e+07,4.87502,-153.873
989,2.259e+07,4.8232,-154.169
990,2.28202e+07,4.7374,-152.909
991,2.30527e+07,4.544,-156.552
992,2.32875e+07,4.44783,-153.735
993,2.35248e+07,4.39018,-154.698
994,2.37645e+07,4.13116,-155.428
995,2.40066e+07,4.0455,-152.895
996,2.42512e+07,3.81616,-155.216
997,2.44983e+07,3.59294,-155.275
998,2.47479e+07,3.7851,-154.609
999,2.5e+07,3.55408,-156.601
